Run, Good, Bad, LDelivered, LRecorded, LAr Corrected, Prescale Corrected, Live Fraction, LAr Fraction, Prescale Fraction
267073, 321, 0, 88.884560, 86.053004, 86.042924, 86.042924, 96.81, 99.99, 100.00
267167, 247, 0, 264.968900, 225.159900, 225.130200, 225.130200, 84.98, 99.99, 100.00
267358, 108, 0, 0.082934, 0.081767, 0.081767, 0.081767, 98.59, 100.00, 100.00
267359, 128, 0, 0.244929, 0.243973, 0.243973, 0.243973, 99.61, 100.00, 100.00
267360, 110, 0, 0.339289, 0.324914, 0.324914, 0.324914, 95.76, 100.00, 100.00
267367, 162, 0, 1.618843, 1.548440, 1.548440, 1.548440, 95.65, 100.00, 100.00
267385, 669, 0, 6.093710, 6.004990, 6.004990, 6.004990, 98.54, 100.00, 100.00
267599, 828, 0, 5.773504, 5.677158, 5.677128, 5.677128, 98.33, 100.00, 100.00
267638, 637, 0, 3519.666800, 3375.226300, 3373.091500, 3373.091500, 95.90, 99.94, 100.00
267639, 514, 0, 3129.986500, 2984.128700, 2982.772300, 2982.772300, 95.34, 99.95, 100.00
270806, 48, 0, 851.538000, 775.852000, 775.558000, 775.558000, 91.11, 99.96, 100.00
270953, 333, 0, 4760.169000, 4588.490000, 4586.361000, 4586.361000, 96.39, 99.95, 100.00
271048, 489, 0, 7045.248000, 6740.208000, 6734.014000, 6734.014000, 95.67, 99.91, 100.00
271298, 354, 0, 10339.431040, 9971.597330, 9970.457330, 9970.457330, 96.44, 99.99, 100.00
271421, 322, 0, 14536.964000, 13612.568700, 13610.326700, 13610.326700, 93.64, 99.98, 100.00
271516, 315, 0, 20250.550000, 19729.770000, 19723.440000, 19723.440000, 97.43, 99.97, 100.00
271595, 227, 0, 17429.000000, 16600.170000, 16593.770000, 16593.770000, 95.24, 99.96, 100.00
271744, 142, 0, 6634.260000, 6300.340000, 6292.820000, 6292.820000, 94.97, 99.88, 100.00
Total, 5954, 0, 88864.800000, 85003.400000, 84967.600000, 84967.600000, 95.65, 99.96, 100.00
